query,category,wayback_url,chatnoir_url,file_name,uuid
absorption of poison,knowledge,http://web.archive.org/web/20111010071947/http://www.ambulancetechnicianstudy.co.uk:80/poisons.html,https://www.chatnoir.eu/cache?uuid=2fd3be52-175c-5d15-8f00-e381fe69a214&amp;index=cw12&amp;raw,absorption-of-poison.pdf,2fd3be52-175c-5d15-8f00-e381fe69a214
angular cheilitis,health,http://web.archive.org/web/20120304144803/http://www.angularcheilitistreatments.com/angular-cheilitis-articles.html,https://www.chatnoir.eu/cache?uuid=76f5777c-21e5-5cdf-93eb-acbf6489a5b9&amp;index=cw12&amp;raw,angular-cheilitis.pdf,76f5777c-21e5-5cdf-93eb-acbf6489a5b9
anthrax and bioterrorism,crime,http://web.archive.org/web/20111123155126/http://www.amoa.com:80/disaster/bioterrorism_anthrax.shtml,https://www.chatnoir.eu/cache?uuid=f8d1ae7f-8130-5883-b65d-14b42997d96b&amp;index=cw12&amp;raw,anthrax-and-bioterrorism.pdf,f8d1ae7f-8130-5883-b65d-14b42997d96b
Artists Against Fracking,politics,http://web.archive.org/web/20120416175410/http://www.exitart.org:80/sea/fracking.html,https://www.chatnoir.eu/cache?uuid=988a4554-89ad-514d-b8a9-94813bec19d6&amp;index=cw12&amp;raw,artists-against-fracking.pdf,988a4554-89ad-514d-b8a9-94813bec19d6
baby names,personal,http://web.archive.org/web/20120211164112/http://www.babycenter.com:80/baby-names,https://www.chatnoir.eu/cache?uuid=172cf60e-ec75-5a3a-97ab-5bb73002dbd2&amp;index=cw12&amp;raw,baby-names.pdf,172cf60e-ec75-5a3a-97ab-5bb73002dbd2
balding cure,personal,http://web.archive.org/web/20110729123950/http://www.sainiherb.com:80/articles/Balding-articles.html,https://www.chatnoir.eu/cache?uuid=9b3f460c-f290-5d68-9c1e-3b3c2f421f95&amp;index=cw12&amp;raw,balding-cure.pdf,9b3f460c-f290-5d68-9c1e-3b3c2f421f95
becoming a paralegal,personal,http://web.archive.org/web/20150912153542/http://saeu.sc.edu/paralegal/paralegal-resources/becoming.htm,https://www.chatnoir.eu/cache?uuid=5b9fec56-3e2c-5a6b-9eaf-9a763ad22b21&amp;index=cw12&amp;raw,becoming-a-paralegal.pdf,5b9fec56-3e2c-5a6b-9eaf-9a763ad22b21
best long term care insurance,health,http://web.archive.org/web/20120508085030/http://www.ltcis.com:80/pages/8-other_states.html,https://www.chatnoir.eu/cache?uuid=56ae4c47-6834-59ee-a211-78e084894b7b&amp;index=cw12&amp;raw,best-long-term-care-insurance.pdf,56ae4c47-6834-59ee-a211-78e084894b7b
border protection,politics,http://web.archive.org/web/20120618195705/http://www.thebta.org/tag/border-protection,https://www.chatnoir.eu/cache?uuid=3493ad75-29eb-5dd8-944d-43253a47f76b&amp;index=cw12&amp;raw,border-protection.pdf,3493ad75-29eb-5dd8-944d-43253a47f76b
bph treatment,health,http://web.archive.org/web/20120131201926/http://prostate.emedtv.com:80/bph/bph-treatment.html,https://www.chatnoir.eu/cache?uuid=fe1d23ee-3046-5383-ab7c-8fb804b42096&amp;index=cw12&amp;raw,bph-treatment.pdf,fe1d23ee-3046-5383-ab7c-8fb804b42096
capital gains tax rate,personal,http://web.archive.org/web/20120205034712/http://www.taxpolicycenter.org/publications/url.cfm?ID=1000588,https://www.chatnoir.eu/cache?uuid=f5d1deae-7427-5ccd-adb2-f48031494dbb&amp;index=cw12&amp;raw,capital-gains-tax-rate.pdf,f5d1deae-7427-5ccd-adb2-f48031494dbb
car radar detectors,crime,http://web.archive.org/web/20101125215339/http://www.1stradardetectors.com:80/blog/photo-radar/passport-9500ci-radar-detector.html,https://www.chatnoir.eu/cache?uuid=1307e3a2-2627-57d2-bcf1-22bc0ce6c938&amp;index=cw12&amp;raw,car-radar-detectors.pdf,1307e3a2-2627-57d2-bcf1-22bc0ce6c938
carotid cavernous fistula treatment,health,http://web.archive.org/web/20111018130354/http://cedars-sinai.edu/Patients/Health-Conditions/Carotid-Cavernous-Fistula-.aspx,https://www.chatnoir.eu/cache?uuid=2f54cd2a-db49-55d3-bb2b-e631ab13956d&amp;index=cw12&amp;raw,carotid-cavernous-fistula-treatment.pdf,2f54cd2a-db49-55d3-bb2b-e631ab13956d
carpal tunnel syndrome,health,http://web.archive.org/web/20120127203351/http://www.thestretchinghandbook.com:80/archives/carpal-tunnel-syndrome.php,https://www.chatnoir.eu/cache?uuid=ee7d00ff-c4e6-512b-ab3f-4e43a971015e&amp;index=cw12&amp;raw,carpal-tunnel-syndrome.pdf,ee7d00ff-c4e6-512b-ab3f-4e43a971015e
causes of military suicide,health,http://web.archive.org/web/20120427134824/http://blogs.extension.org:80/militaryfamilies/tag/suicide/,https://www.chatnoir.eu/cache?uuid=41021357-7eee-5e21-930d-717d558fcd11&amp;index=cw12&amp;raw,causes-of-military-suicide.pdf,41021357-7eee-5e21-930d-717d558fcd11
celebrity pictures,personal,http://web.archive.org/web/20120325031842/http://www.autographstore.com/rules.cfm,https://www.chatnoir.eu/cache?uuid=54876b5c-2295-546b-b0a8-2c9d0f405a88&amp;index=cw12&amp;raw,celebrity-pictures.pdf,54876b5c-2295-546b-b0a8-2c9d0f405a88
cheating husbands,personal,http://web.archive.org/web/20120420175046/http://www.globalinvestigations.co.uk:80/affairs-of-the-heart.php,https://www.chatnoir.eu/cache?uuid=63db8e13-1398-5662-9025-13e32096f44d&amp;index=cw12&amp;raw,cheating-husbands.pdf,63db8e13-1398-5662-9025-13e32096f44d
child kidnapping,crime,http://web.archive.org/web/20120213042846/http://www.crime-safety-security.com:80/child-safety-kidnap.html,https://www.chatnoir.eu/cache?uuid=afe807b9-ba14-58b4-9885-4377f01d1fac&amp;index=cw12&amp;raw,child-kidnapping.pdf,afe807b9-ba14-58b4-9885-4377f01d1fac
child protective service,crime,http://web.archive.org/web/20120401163221/http://dss.sd.gov/cps/protective/index.asp,https://www.chatnoir.eu/cache?uuid=c40746ca-34af-548d-9374-a2edc43dc9fc&amp;index=cw12&amp;raw,child-protective-service.pdf,c40746ca-34af-548d-9374-a2edc43dc9fc
cocaine smuggling,crime,http://web.archive.org/web/20120328063734/http://www.damncoolpictures.com:80/2010/07/cocaine-smuggling-submarine.html,https://www.chatnoir.eu/cache?uuid=d44db29c-c377-5a2c-a1da-1efb69c4ec0b&amp;index=cw12&amp;raw,cocaine-smuggling.pdf,d44db29c-c377-5a2c-a1da-1efb69c4ec0b
consumer boycott,politics,http://web.archive.org/web/20120412042436/http://www.ethicalconsumer.org:80/commentanalysis/academicresearch/consumerboycotts.aspx,https://www.chatnoir.eu/cache?uuid=e7fe57b7-4a5d-5429-8f81-d67573ebc9db&amp;index=cw12&amp;raw,consumer-boycott.pdf,e7fe57b7-4a5d-5429-8f81-d67573ebc9db
controlling acid rain,knowledge,http://web.archive.org/web/20120424052043/http://www.lakescientist.com/learn-about-lakes/water-quality/acid-rain.html,https://www.chatnoir.eu/cache?uuid=abea4183-b1c1-5b4d-9a9d-548e2373b15b&amp;index=cw12&amp;raw,controlling-acid-rain.pdf,abea4183-b1c1-5b4d-9a9d-548e2373b15b
cornea infection,health,http://web.archive.org/web/20110213035444/http://www.geisinger.org:80/services/eyes/cornea.html,https://www.chatnoir.eu/cache?uuid=2ae7822d-2bc6-5caf-871c-4cf1b548d282&amp;index=cw12&amp;raw,cornea-infection.pdf,2ae7822d-2bc6-5caf-871c-4cf1b548d282
credit card debt,personal,http://web.archive.org/web/20101102153300/http://www.totaldebtrelief.net:80/credit-card-debt/credit-card-debt-free/,https://www.chatnoir.eu/cache?uuid=0c54dcea-b6f6-577e-9c17-783e2e223719&amp;index=cw12&amp;raw,credit-card-debt.pdf,0c54dcea-b6f6-577e-9c17-783e2e223719
culpeper national cemetery,personal,http://web.archive.org/web/20120315224939/http://www.visitculpeperva.com:80/cemetery.cfm,https://www.chatnoir.eu/cache?uuid=454085e6-d55f-5f6d-a11d-fbfa28f78359&amp;index=cw12&amp;raw,culpeper-national-cemetery.pdf,454085e6-d55f-5f6d-a11d-fbfa28f78359
dangers of asbestos,knowledge,http://web.archive.org/web/20121030164643/http://boroughofpoole.com/environment/environmental-health/danger-of-asbestos/,https://www.chatnoir.eu/cache?uuid=25194b26-b9ed-536a-9778-b1b89df3083d&amp;index=cw12&amp;raw,dangers-of-asbestos.pdf,25194b26-b9ed-536a-9778-b1b89df3083d
dark chocolate health benefits,health,http://web.archive.org/web/20120122090430/http://commonsensehealth.com:80/Diet-and-Nutrition/Are_Dark_Chocolate_Health_Benefits_Real.shtml,https://www.chatnoir.eu/cache?uuid=95038973-65d1-5652-9c0e-8e4ec7dce93e&amp;index=cw12&amp;raw,dark-chocolate-health-benefits.pdf,95038973-65d1-5652-9c0e-8e4ec7dce93e
diabetes education,health,http://web.archive.org/web/20120502040548/http://www.libertymedical.com/resources/diabetes-education/,https://www.chatnoir.eu/cache?uuid=9a0a4911-833b-5813-91a6-5d6c40a6529d&amp;index=cw12&amp;raw,diabetes-education.pdf,9a0a4911-833b-5813-91a6-5d6c40a6529d
disorders of the immune system,health,http://web.archive.org/web/20120319143148/http://marrow.org:80/Patient/Disease_and_Treatment/About_Your_Disease/Immune_System/Inherited_Immune_System_Disorders.aspx,https://www.chatnoir.eu/cache?uuid=dfac5019-30bf-56fb-b3d8-a11e31a1f17b&amp;index=cw12&amp;raw,disorders-of-the-immune-system.pdf,dfac5019-30bf-56fb-b3d8-a11e31a1f17b
diversity,politics,http://web.archive.org/web/20100706035353/http://www.minorityjobs.net/article/491/Diversity-Initiative-Diversity-Initiative.html,https://www.chatnoir.eu/cache?uuid=606631b2-d8b7-5dc5-9790-43951482802b&amp;index=cw12&amp;raw,diversity.pdf,606631b2-d8b7-5dc5-9790-43951482802b
dog heat,personal,http://web.archive.org/web/20120304100514/http://www.dog-health-guide.org:80/dogheatstroke.html,https://www.chatnoir.eu/cache?uuid=691afda8-a135-5ff9-8520-8ce24f01cd0d&amp;index=cw12&amp;raw,dog-heat.pdf,691afda8-a135-5ff9-8520-8ce24f01cd0d
donation of body parts,personal,http://web.archive.org/web/20120324234330/http://www.hta.gov.uk/bodyorganandtissuedonation/howtodonateyourbody/bodydonationfaqs.cfm,https://www.chatnoir.eu/cache?uuid=67649d54-bdee-55ad-8f21-b92fc65810a9&amp;index=cw12&amp;raw,donation-of-body-parts.pdf,67649d54-bdee-55ad-8f21-b92fc65810a9
dreams interpretation,personal,http://web.archive.org/web/20120513071554/http://www.selfhealingexpressions.com:80/dream_interpretation_of_dreams.shtml,https://www.chatnoir.eu/cache?uuid=65047f53-9f1a-50ef-8954-5e4e12256a3d&amp;index=cw12&amp;raw,dreams-interpretation.pdf,65047f53-9f1a-50ef-8954-5e4e12256a3d
electronic personnel folder,knowledge,http://web.archive.org/web/20120111022234/http://hr.commerce.gov:80/DOCHROC/PROD01_008743,https://www.chatnoir.eu/cache?uuid=803766ac-31d1-5578-8d55-faf14f93f5a2&amp;index=cw12&amp;raw,electronic-personnel-folder.pdf,803766ac-31d1-5578-8d55-faf14f93f5a2
equal opportunity employer,personal,http://web.archive.org/web/20120304181457/http://www.principal.com:80/careers/eoe.htm,https://www.chatnoir.eu/cache?uuid=f075c959-a4b2-5b22-b363-8965cbf85b60&amp;index=cw12&amp;raw,equal-opportunity-employer.pdf,f075c959-a4b2-5b22-b363-8965cbf85b60
erection problems,personal,http://web.archive.org/web/20120410132403/http://erectile-dysfunction.emedtv.com/erection-problems/erection-problems.html,https://www.chatnoir.eu/cache?uuid=504ac9b5-9edb-5c90-9b5c-687a9dc2809d&amp;index=cw12&amp;raw,erection-problems.pdf,504ac9b5-9edb-5c90-9b5c-687a9dc2809d
erikson stages of development,knowledge,http://web.archive.org/web/20180520064913/http://www.managetrainlearn.com:80/page/stages-of-growth,https://www.chatnoir.eu/cache?uuid=d952e43a-aadd-5b61-a578-1e6467d8e55a&amp;index=cw12&amp;raw,erikson-stages-of-development.pdf,d952e43a-aadd-5b61-a578-1e6467d8e55a
evidence for evolution,knowledge,http://web.archive.org/web/20120311110939/http://www.allaboutcreation.org/evidence-for-evolution-2.htm,https://www.chatnoir.eu/cache?uuid=6fb36634-b5f7-5597-a5f1-f92340db60fc&amp;index=cw12&amp;raw,evidence-for-evolution.pdf,6fb36634-b5f7-5597-a5f1-f92340db60fc
fitness models,personal,http://web.archive.org/web/20120125055945/http://www.modelsdirect.com:80/help-advice/model-types/fitness-models,https://www.chatnoir.eu/cache?uuid=a92f75ba-df01-55ea-8d92-3d758c5edd01&amp;index=cw12&amp;raw,fitness-models.pdf,a92f75ba-df01-55ea-8d92-3d758c5edd01
folk remedies sore throat,health,http://web.archive.org/web/20120303052401/http://www.earthclinic.com:80/CURES/sore_throat_questions.html,https://www.chatnoir.eu/cache?uuid=dbc4bd4d-92ce-55c5-b6ef-b5b920058a77&amp;index=cw12&amp;raw,folk-remedies-sore-throat.pdf,dbc4bd4d-92ce-55c5-b6ef-b5b920058a77
foods have vitamin d,health,http://web.archive.org/web/20120315200521/http://www.algaecal.com:80/vitamin-d/vitamin-d-sources.html,https://www.chatnoir.eu/cache?uuid=c02d389e-70b0-5567-91db-3d355b841454&amp;index=cw12&amp;raw,foods-have-vitamin-d.pdf,c02d389e-70b0-5567-91db-3d355b841454
forearm pain,health,http://web.archive.org/web/20111228101801/http://www.selfcare4rsi.com/forearm-pain-symptoms.html,https://www.chatnoir.eu/cache?uuid=ffa138e4-4b5b-53b6-bad3-d6580d15d54b&amp;index=cw12&amp;raw,forearm-pain.pdf,ffa138e4-4b5b-53b6-bad3-d6580d15d54b
getting over anorexia,health,http://web.archive.org/web/20111101021807/http://www.onlinepharmaciescanada.com/ailments/anorexia.aspx,https://www.chatnoir.eu/cache?uuid=57d73991-22c2-52ef-a080-b6937c7d77c6&amp;index=cw12&amp;raw,getting-over-anorexia.pdf,57d73991-22c2-52ef-a080-b6937c7d77c6
Global Opium Production,crime,http://web.archive.org/web/20100508042556/http://globalhealthnexus.typepad.com/global_health_nexus/2007/06/aids_and_opium_.html,https://www.chatnoir.eu/cache?uuid=ca51e0bc-0448-545c-bf84-0035e391987b&amp;index=cw12&amp;raw,global-opium-production.pdf,ca51e0bc-0448-545c-bf84-0035e391987b
gun racks,crime,http://web.archive.org/web/20111020002524/http://www.armsvault.com:80/gunreviews_0013_campbell_gunrack.html,https://www.chatnoir.eu/cache?uuid=2f7f9cc0-b354-58e3-bc7d-3dbe054ff203&amp;index=cw12&amp;raw,gun-racks.pdf,2f7f9cc0-b354-58e3-bc7d-3dbe054ff203
hazardous materials,knowledge,http://web.archive.org/web/20110927081905/http://www.boonecountyky.org:80/EM/Hazmat.aspx,https://www.chatnoir.eu/cache?uuid=66182093-2451-517d-8d06-179dfc53a2ec&amp;index=cw12&amp;raw,hazardous-materials.pdf,66182093-2451-517d-8d06-179dfc53a2ec
hepatitis b vaccine safety infants,health,http://web.archive.org/web/20120401134555/http://www.hepb.org:80/professionals/vaccine_safety.htm,https://www.chatnoir.eu/cache?uuid=1e11c9fe-73a0-55e0-8abb-fbb03b48df24&amp;index=cw12&amp;raw,hepatitis-b-vaccine-safety-infants.pdf,1e11c9fe-73a0-55e0-8abb-fbb03b48df24
hormone therapy symptoms,health,http://web.archive.org/web/20120306054409/http://www.hgh1.com:80/hormone-therapy/,https://www.chatnoir.eu/cache?uuid=71487a34-b01e-5c68-bc8c-0884caa6e6df&amp;index=cw12&amp;raw,hormone-therapy-symptoms.pdf,71487a34-b01e-5c68-bc8c-0884caa6e6df
how to evict someone,knowledge,http://web.archive.org/web/20111228173354/http://www.propertydo.com:80/tenants-eviction.html,https://www.chatnoir.eu/cache?uuid=4c6ba339-970a-5843-8fdb-cf4ef3106757&amp;index=cw12&amp;raw,how-to-evict-someone.pdf,4c6ba339-970a-5843-8fdb-cf4ef3106757
How to pick locks,crime,http://web.archive.org/web/20111122150841/http://www.serviceteam.co.uk:80/diy_articles/how_to_pick_a_lock.html,https://www.chatnoir.eu/cache?uuid=8cabcb0a-96bf-5007-b0bd-e94485d9c7cf&amp;index=cw12&amp;raw,how-to-pick-locks.pdf,8cabcb0a-96bf-5007-b0bd-e94485d9c7cf
how to take optygen,health,https://web.archive.org/web/20120210235857/https://www.personalbestnutrition.com/cgi-bin/pbn/333.html,https://www.chatnoir.eu/cache?uuid=34b73a13-9f2e-5865-aeb5-cb2d341c7b95&index=cw12&amp;raw,how-to-take-optygen.pdf,34b73a13-9f2e-5865-aeb5-cb2d341c7b95
human factors in aircraft maintenance,knowledge,http://web.archive.org/web/20120223104419/http://www.askbob.aero:80/node/1546,https://www.chatnoir.eu/cache?uuid=babee341-f1c0-52ff-98fb-e56dac145e94&amp;index=cw12&amp;raw,human-factors-in-aircraft-maintenance.pdf,babee341-f1c0-52ff-98fb-e56dac145e94
identifying spider bites,health,http://web.archive.org/web/20120203061214/http://www.healthy-skincare.com:80/spider-bite-treatment.html,https://www.chatnoir.eu/cache?uuid=eaaeb2ab-1a23-5ed9-9045-d95721d49093&amp;index=cw12&amp;raw,identifying-spider-bites.pdf,eaaeb2ab-1a23-5ed9-9045-d95721d49093
identity theft protection,crime,http://web.archive.org/web/20120102103340/http://www2.discovercard.com:80/customer-service/faq/identity-theft-protection.html,https://www.chatnoir.eu/cache?uuid=a9d74a3e-9353-5a07-bef8-ba29e4f823b2&amp;index=cw12&amp;raw,identity-theft-protection.pdf,a9d74a3e-9353-5a07-bef8-ba29e4f823b2
illegal drugs,crime,http://web.archive.org/web/20120409184022/https://www.solgps.alberta.ca/safe_communities/community_awareness/Pages/illegal_drugs.aspx,https://www.chatnoir.eu/cache?uuid=b6007a45-e00d-527c-b17f-6b6d6a1fbe0d&amp;index=cw12&amp;raw,illegal-drugs.pdf,b6007a45-e00d-527c-b17f-6b6d6a1fbe0d
illinois state tax,politics,http://web.archive.org/web/20120303163936/http://www.payroll-taxes.com:80/state-tax/81-illinois.htm,https://www.chatnoir.eu/cache?uuid=e29b02a5-a36f-5769-81d5-4a9b67a6c5cd&amp;index=cw12&amp;raw,illinois-state-tax.pdf,e29b02a5-a36f-5769-81d5-4a9b67a6c5cd
infection in blood,health,http://web.archive.org/web/20120712014732/http://www.healthy-skincare.com/staph-infection-in-the-blood.html,https://www.chatnoir.eu/cache?uuid=4532adf2-7c6d-56ed-8eae-63c1cc01f805&amp;index=cw12&amp;raw,infection-in-blood.pdf,4532adf2-7c6d-56ed-8eae-63c1cc01f805
interview thank you,knowledge,http://web.archive.org/web/20120213131832/http://www.best-job-interview.com:80/interview-thank-you-letters.html,https://www.chatnoir.eu/cache?uuid=01263d14-b4cd-50f8-b7ca-60a1e666e109&amp;index=cw12&amp;raw,interview-thank-you.pdf,01263d14-b4cd-50f8-b7ca-60a1e666e109
iowa food stamp program,knowledge,http://web.archive.org/web/20120206190706/http://www.ers.usda.gov/Publications/EFAN02014-1/,https://www.chatnoir.eu/cache?uuid=83446054-816d-595a-960d-ec8373856361&amp;index=cw12&amp;raw,iowa-food-stamp-program.pdf,83446054-816d-595a-960d-ec8373856361
ketogenic diet,health,http://web.archive.org/web/20100613094347/http://www.pediatrics.emory.edu/divisions/neurology/ketogenic.html,https://www.chatnoir.eu/cache?uuid=e01bf0be-18f5-5c04-9d51-9631ae07044a&amp;index=cw12&amp;raw,ketogenic-diet.pdf,e01bf0be-18f5-5c04-9d51-9631ae07044a
loans for young farmers,personal,http://web.archive.org/web/20090117030137/http://kafc.ky.gov/kafc_programs_youngfarmer.shtml,https://www.chatnoir.eu/cache?uuid=65d01754-9f47-53aa-bd34-addd139cc5fc&amp;index=cw12&amp;raw,loans-for-young-farmers.pdf,65d01754-9f47-53aa-bd34-addd139cc5fc
local dating,personal,http://web.archive.org/web/20120618131932/http://www.match2be.com:80/,https://www.chatnoir.eu/cache?uuid=2e6c4509-20ec-54f1-8351-8d82a06ad2d9&amp;index=cw12&amp;raw,local-dating.pdf,2e6c4509-20ec-54f1-8351-8d82a06ad2d9
lower heart rate,health,http://web.archive.org/web/20120514002956/http://www.thedoctorwillseeyounow.com/content/womens_health/art2152.html,https://www.chatnoir.eu/cache?uuid=fe91de1c-9bcb-5f59-a7e7-897a53b73756&amp;index=cw12&amp;raw,lower-heart-rate.pdf,fe91de1c-9bcb-5f59-a7e7-897a53b73756
lump in throat,health,http://web.archive.org/web/20120414094609/http://www.iodine-resource.com:80/lump-in-throat.html,https://www.chatnoir.eu/cache?uuid=64cdafc6-5fee-5689-8bc0-aeaac4cda596&amp;index=cw12&amp;raw,lump-in-throat.pdf,64cdafc6-5fee-5689-8bc0-aeaac4cda596
lymphoma in dogs,personal,http://web.archive.org/web/20111117122827/http://community.dog.com/members/carenlee/blog/archive/2011/09/13/Caren.aspx,https://www.chatnoir.eu/cache?uuid=b2c5c277-f1ac-5fa8-86fa-8a76ee4aef12&amp;index=cw12&amp;raw,lymphoma-in-dogs.pdf,b2c5c277-f1ac-5fa8-86fa-8a76ee4aef12
male menopause,health,http://web.archive.org/web/20130610052404/https://www.lalookandrejuvenation.com/male-menopause,https://www.chatnoir.eu/cache?uuid=b0f70312-8b76-5fec-9f4a-1072dd55b14d&amp;index=cw12&amp;raw,male-menopause.pdf,b0f70312-8b76-5fec-9f4a-1072dd55b14d
medical records and storage,knowledge,http://web.archive.org/web/20130924154516/http://genusit.com/nhs.php,https://www.chatnoir.eu/cache?uuid=1c76543a-4bad-5926-9518-a4f5f7872957&amp;index=cw12&amp;raw,medical-records-and-storage.pdf,1c76543a-4bad-5926-9518-a4f5f7872957
medicine to drop blood pressure,health,http://web.archive.org/web/20120210192203/http://blood-pressure.emedtv.com/high-blood-pressure/blood-pressure-medicine.html,https://www.chatnoir.eu/cache?uuid=95dbd9ef-5d15-5c34-84ba-48892141b372&amp;index=cw12&amp;raw,medicine-to-drop-blood-pressure.pdf,95dbd9ef-5d15-5c34-84ba-48892141b372
military car rental benefits,politics,http://web.archive.org/web/20120315144138/http://www.valoans.com:80/cardiscounts.cfm,https://www.chatnoir.eu/cache?uuid=11d2afd9-6ab1-5600-952c-b1d8fb039c68&amp;index=cw12&amp;raw,military-car-rental-benefits.pdf,11d2afd9-6ab1-5600-952c-b1d8fb039c68
new life baptist church,personal,http://web.archive.org/web/20120501054051/http://www.newlifecs.net/about/church-covenant/,https://www.chatnoir.eu/cache?uuid=578739b9-5101-50f1-8293-97ad25534232&amp;index=cw12&amp;raw,new-life-baptist-church.pdf,578739b9-5101-50f1-8293-97ad25534232
night shifts work,personal,http://web.archive.org/web/20120201150240/http://www.nhsemployers.org:80/HEALTHYWORKPLACES/HEALTHANDSAFETY_NEW/Pages/NightShiftWork.aspx,https://www.chatnoir.eu/cache?uuid=685c2f5d-3e59-5b42-9a08-645166e636e7&amp;index=cw12&amp;raw,night-shifts-work.pdf,685c2f5d-3e59-5b42-9a08-645166e636e7
nurses against unions,politics,http://web.archive.org/web/20111113064201/http://www.nursesunions.ca:80/why-unions,https://www.chatnoir.eu/cache?uuid=ef8c728a-b4f4-5813-97bb-7447b8a3091a&amp;index=cw12&amp;raw,nurses-against-unions.pdf,ef8c728a-b4f4-5813-97bb-7447b8a3091a
ocd,health,http://web.archive.org/web/20111209041925/http://www.jonfroggatt.co.uk:80/ocd_treatment_treatment_for_ocd.shtml,https://www.chatnoir.eu/cache?uuid=e0332517-7160-54d4-9a94-b47b9352e610&amp;index=cw12&amp;raw,ocd.pdf,e0332517-7160-54d4-9a94-b47b9352e610
Organized crime,crime,http://web.archive.org/web/20120218102538/http://www.unodc.org:80/unodc/en/organized-crime/index.html,https://www.chatnoir.eu/cache?uuid=d0d2e12c-a8dd-5547-8ebe-a2262c03eeba&amp;index=cw12&amp;raw,organized-crime.pdf,d0d2e12c-a8dd-5547-8ebe-a2262c03eeba
Password Hacking,crime,http://web.archive.org/web/20120626215000/http://www.sectechno.com:80/tag/password-hacking/,https://www.chatnoir.eu/cache?uuid=e93a51f7-e44c-5181-bef8-119361bf11d0&amp;index=cw12&amp;raw,password-hacking.pdf,e93a51f7-e44c-5181-bef8-119361bf11d0
physicians role in a diabetic patient,health,http://web.archive.org/web/20110824074619/http://www.physiciansnews.com:80/2006/07/23/physician-patient-communication/,https://www.chatnoir.eu/cache?uuid=d423d799-41d3-5e40-9013-a4bbe9dc4e1d&amp;index=cw12&amp;raw,physicians-role-in-a-diabetic-patient.pdf,d423d799-41d3-5e40-9013-a4bbe9dc4e1d
police misconduct attorneys,law,http://web.archive.org/web/20120914011515/http://www.civilrightsdefenders.com:80/PracticeAreas/Police-Misconduct.asp,https://www.chatnoir.eu/cache?uuid=29f46280-b404-5960-8790-3424b7e94935&amp;index=cw12&amp;raw,police-misconduct-attorneys.pdf,29f46280-b404-5960-8790-3424b7e94935
police scanner,knowledge,http://web.archive.org/web/20120126044811/http://www.juicydevelopment.com:80/policescanner.html,https://www.chatnoir.eu/cache?uuid=9dafe85b-062f-5c6b-a16c-7a1793f79c6d&amp;index=cw12&amp;raw,police-scanner.pdf,9dafe85b-062f-5c6b-a16c-7a1793f79c6d
political opposition,politics,http://web.archive.org/web/20120324155243/http://dannyreviews.com/h/Political_Oppositions.html,https://www.chatnoir.eu/cache?uuid=3095fffc-0966-5c10-b482-1c6fecdd7a96&amp;index=cw12&amp;raw,political-opposition.pdf,3095fffc-0966-5c10-b482-1c6fecdd7a96
political resistance,politics,http://web.archive.org/web/20120406143957/http://www.nyfolklore.org/pubs/voic30-1-2/resist.html,https://www.chatnoir.eu/cache?uuid=905883ea-2847-5f2f-832d-7aed844ba946&amp;index=cw12&amp;raw,political-resistance.pdf,905883ea-2847-5f2f-832d-7aed844ba946
pregnancy discrimination laws,law,http://web.archive.org/web/20120514091157/http://www.advantagelawgroup.com:80/practice-areas/pregnancy/,https://www.chatnoir.eu/cache?uuid=4a052577-fc24-5c78-8b1c-146784eced23&amp;index=cw12&amp;raw,pregnancy-discrimination-laws.pdf,4a052577-fc24-5c78-8b1c-146784eced23
preparing for bird flu,health,http://web.archive.org/web/20130319033723/http://www.lifeextensionvitamins.com/prforbifluan.html,https://www.chatnoir.eu/cache?uuid=700eb7eb-9c4a-5570-895b-68de60b0d286&amp;index=cw12&amp;raw,preparing-for-bird-flu.pdf,700eb7eb-9c4a-5570-895b-68de60b0d286
prohibited act,law,http://web.archive.org/web/20130322044951/http://taft.law.uc.edu:80/CCL/34ActRls/rule17g-6.html,https://www.chatnoir.eu/cache?uuid=3f81457b-dac4-5257-9aa9-3bd20b2df93d&amp;index=cw12&amp;raw,prohibited-act.pdf,3f81457b-dac4-5257-9aa9-3bd20b2df93d
psychiatric disorders,health,http://web.archive.org/web/20111116160229/http://www.sharelawyers.com/services-psychiatric-disorders-insurance.html,https://www.chatnoir.eu/cache?uuid=17359cfc-3a51-591c-a568-c5045f2bf8f8&amp;index=cw12&amp;raw,psychiatric-disorders.pdf,17359cfc-3a51-591c-a568-c5045f2bf8f8
psychological evaluation,health,http://web.archive.org/web/20120309040848/http://www.nasponline.org:80/resources/principals/nassp_evaluation.aspx,https://www.chatnoir.eu/cache?uuid=44f97879-f18a-5309-a16e-2ff5c92bdaab&amp;index=cw12&amp;raw,psychological-evaluation.pdf,44f97879-f18a-5309-a16e-2ff5c92bdaab
quit smoking,health,http://web.archive.org/web/20120403165907/http://www.smokingquit.org/,https://www.chatnoir.eu/cache?uuid=70b2a8f3-5176-5c9b-9d32-26e01af1e841&amp;index=cw12&amp;raw,quit-smoking.pdf,70b2a8f3-5176-5c9b-9d32-26e01af1e841
race cars,personal,http://web.archive.org/web/20120218073903/http://www.ehobbies.com:80/models-vehicle-glue-kits-racing-cars.html,https://www.chatnoir.eu/cache?uuid=ea1ed100-066b-5cb9-817d-42036ce44772&amp;index=cw12&amp;raw,race-cars.pdf,ea1ed100-066b-5cb9-817d-42036ce44772
racial discrimination,law,http://web.archive.org/web/20120227113545/http://www.ema.gov.au/www/agd/agd.nsf/Page/Humanrightsandanti-discrimination_Racialdiscrimination,https://www.chatnoir.eu/cache?uuid=e37b2b33-e460-567a-a556-e9c65988ecff&amp;index=cw12&amp;raw,racial-discrimination.pdf,e37b2b33-e460-567a-a556-e9c65988ecff
radar detection see through walls,knowledge,http://web.archive.org/web/20091205203035/http://www.commlawblog.com:80/2009/12/articles/unlicensed-operations-and-emer/fcc-lets-radar-company-see-through-walls/index.html,https://www.chatnoir.eu/cache?uuid=a054a9df-fce7-5f43-9491-0feea42f758a&amp;index=cw12&amp;raw,radar-detection-see-through-walls.pdf,a054a9df-fce7-5f43-9491-0feea42f758a
rapid release of histamine,health,http://web.archive.org/web/20120313010333/http://www.vivo.colostate.edu/hbooks/pathphys/endocrine/otherendo/histamine.html,https://www.chatnoir.eu/cache?uuid=495bbce2-61c7-5bd2-8a4a-02365648b2b8&amp;index=cw12&amp;raw,rapid-release-of-histamine.pdf,495bbce2-61c7-5bd2-8a4a-02365648b2b8
reducing hot flashes using home remedies,health,http://web.archive.org/web/20111021124451/http://www.redhotmamas.org/contact-us-mainmenu-214/156-home-remedies-and-natural-cures-for-menopause,https://www.chatnoir.eu/cache?uuid=3eeabfaa-7696-50de-8ffe-0cb2ec28e717&amp;index=cw12&amp;raw,reducing-hot-flashes-using-home-remedies.pdf,3eeabfaa-7696-50de-8ffe-0cb2ec28e717
rehabs,health,http://web.archive.org/web/20120729074208/http://www.integritywayflorida.com:80/rehab/rehab-ky/,https://www.chatnoir.eu/cache?uuid=99ef0f26-dea3-5c08-907b-b5942f7e95f2&amp;index=cw12&amp;raw,rehabs.pdf,99ef0f26-dea3-5c08-907b-b5942f7e95f2
romantic love letters,personal,http://web.archive.org/web/20111113045720/http://www.by-the-letter.com:80/free-romantic-love-letter.html,https://www.chatnoir.eu/cache?uuid=bc4a82b3-b7c9-5d65-aa16-9b5e20486e2d&amp;index=cw12&amp;raw,romantic-love-letters.pdf,bc4a82b3-b7c9-5d65-aa16-9b5e20486e2d
sat - scholastic assesment test,knowledge,http://web.archive.org/web/20120321015153/http://collegekingdom.com/testprep/act.php,https://www.chatnoir.eu/cache?uuid=7435e8ee-656a-5a36-a257-ed1351f5b9d6&amp;index=cw12&amp;raw,sat-scholastic-assesment-test.pdf,7435e8ee-656a-5a36-a257-ed1351f5b9d6
septic system design,knowledge,http://web.archive.org/web/20120428211156/http://ahhowland.com:80/services/civil-services/septic-system-design.html,https://www.chatnoir.eu/cache?uuid=19d4b490-8115-52ed-9b1e-51fa325af2c4&amp;index=cw12&amp;raw,septic-system-design.pdf,19d4b490-8115-52ed-9b1e-51fa325af2c4
sit and reach test,knowledge,http://web.archive.org/web/20120229103427/http://www.brianmac.co.uk:80/sitreach.htm,https://www.chatnoir.eu/cache?uuid=25e79e6a-bcd4-57a0-8fc5-c8a1710bc28b&amp;index=cw12&amp;raw,sit-and-reach-test.pdf,25e79e6a-bcd4-57a0-8fc5-c8a1710bc28b
sore throat,health,http://web.archive.org/web/20111101061302/http://www.onlinepharmaciescanada.com/ailments/sore-throat.aspx,https://www.chatnoir.eu/cache?uuid=b163b95f-5874-57ac-a69d-994667048e41&amp;index=cw12&amp;raw,sore-throat.pdf,b163b95f-5874-57ac-a69d-994667048e41
spy software,crime,http://web.archive.org/web/20120510063235/http://www.tracking-system.com/surveillance/keystroke-logger/detail/8-keystroke-logger/flypage/63-spy-software.html?sef=hcfp,https://www.chatnoir.eu/cache?uuid=1c29a9d0-8f38-5966-bc41-61d0fd2da1a3&amp;index=cw12&amp;raw,spy-software.pdf,1c29a9d0-8f38-5966-bc41-61d0fd2da1a3
std free testing,health,http://web.archive.org/web/20120201165416/http://www.pomona.edu/administration/qrc/services/std-testing.aspx,https://www.chatnoir.eu/cache?uuid=58cfb1d7-5531-550d-8863-58decc516bc8&amp;index=cw12&amp;raw,std-free-testing.pdf,58cfb1d7-5531-550d-8863-58decc516bc8
surgery center fees,health,http://web.archive.org/web/20120516082252/http://www.larrabeecenter.com:80/fees_policies.aspx,https://www.chatnoir.eu/cache?uuid=93c96e59-5ff9-5731-a22a-333ce3ae3a5e&amp;index=cw12&amp;raw,surgery-center-fees.pdf,93c96e59-5ff9-5731-a22a-333ce3ae3a5e
symptoms multiple sclerosis,health,http://web.archive.org/web/20120530112225/http://www.coloplast.com/urologyandcontinencecare/topics/symptomscauses/symptomsms,https://www.chatnoir.eu/cache?uuid=95b33d6e-e9e0-5e24-8621-fe5fdf17627e&amp;index=cw12&amp;raw,symptoms-multiple-sclerosis.pdf,95b33d6e-e9e0-5e24-8621-fe5fdf17627e
symptoms of heart attack,health,http://web.archive.org/web/20111224023738/http://www.prevent-stroke-and-heart-attack.com:80/heart-attack-signs-and-symptoms.html,https://www.chatnoir.eu/cache?uuid=4485852c-a20c-5f00-a336-f778674b4e67&amp;index=cw12&amp;raw,symptoms-of-heart-attack.pdf,4485852c-a20c-5f00-a336-f778674b4e67
symptoms of mad cow disease in humans,health,http://web.archive.org/web/20120305201715/http://www.biblehealth.com/mad-cow-disease/mad-cow-disease-symptoms.html,https://www.chatnoir.eu/cache?uuid=6a275d3a-8d81-55c7-b226-a716cb52c7a0&amp;index=cw12&amp;raw,symptoms-of-mad-cow-disease-in-humans.pdf,6a275d3a-8d81-55c7-b226-a716cb52c7a0
tangible personal property tax,politics,http://web.archive.org/web/20120504001649/http://seminoletax.org/Tax/tangible.shtml,https://www.chatnoir.eu/cache?uuid=8f2a7a72-b37b-592b-9e61-7ca101704ed9&amp;index=cw12&amp;raw,tangible-personal-property-tax.pdf,8f2a7a72-b37b-592b-9e61-7ca101704ed9
texas border patrol,politics,http://web.archive.org/web/20111015081623/http://thefreshscent.com/tag/border-patrol/,https://www.chatnoir.eu/cache?uuid=07e20e92-930a-5bc0-9890-c33381b69302&amp;index=cw12&amp;raw,texas-border-patrol.pdf,07e20e92-930a-5bc0-9890-c33381b69302
threaten strike action,politics,http://web.archive.org/web/20111016223043/http://www.thegappartnership.com:80/negotiation-news/2011/october/aberdeen-bus-drivers-threaten-strike-action-.aspx,https://www.chatnoir.eu/cache?uuid=247bf395-0b3b-595b-9da0-219869732c35&amp;index=cw12&amp;raw,threaten-strike-action.pdf,247bf395-0b3b-595b-9da0-219869732c35
tv on computer,knowledge,http://web.archive.org/web/20160828173107/http://andysdvdreviews.com/mov_watch_tv_on_your_computer,https://www.chatnoir.eu/cache?uuid=21591349-7915-5805-a7d1-25cb4aef0e34&amp;index=cw12&amp;raw,tv-on-computer.pdf,21591349-7915-5805-a7d1-25cb4aef0e34
unpaid parking tickets,law,http://web.archive.org/web/20120308125831/http://www.michigancapitolconfidential.com:80/13237,https://www.chatnoir.eu/cache?uuid=44032ecd-0d96-5f2d-aa45-e6282d7d47d0&amp;index=cw12&amp;raw,unpaid-parking-tickets.pdf,44032ecd-0d96-5f2d-aa45-e6282d7d47d0
upper respiratory resistance syndrome,health,http://web.archive.org/web/20141014064912/http://www.apneaboard.com:80/forums/Thread-Upper-Airway-Resistance-Syndrome,https://www.chatnoir.eu/cache?uuid=83512096-a993-5e1a-8be3-49b61dd6a8eb&amp;index=cw12&amp;raw,upper-respiratory-resistance-syndrome.pdf,83512096-a993-5e1a-8be3-49b61dd6a8eb
usda food pyramid,knowledge,http://web.archive.org/web/20120118112533/http://www.health-womens-healthy-living-goals.com/what-is-USDA-food-pyramid.html,https://www.chatnoir.eu/cache?uuid=d1a885a2-ce43-5530-83a2-5cd5fbd623e3&amp;index=cw12&amp;raw,usda-food-pyramid.pdf,d1a885a2-ce43-5530-83a2-5cd5fbd623e3
veterans clinics,health,http://web.archive.org/web/20120101192253/http://www.bocc.citrus.fl.us:80/commserv/commrec/suppserv/vets/va_clinic.htm,https://www.chatnoir.eu/cache?uuid=0871a49a-b60b-5ec1-9a23-0afdc30f2a9b&amp;index=cw12&amp;raw,veterans-clinics.pdf,0871a49a-b60b-5ec1-9a23-0afdc30f2a9b
vldl levels,health,http://web.archive.org/web/20120229011218/http://cholesterol.emedtv.com:80/vldl/vldl-p2.html,https://www.chatnoir.eu/cache?uuid=f73b7cae-e312-59f7-9381-dd0d303e7414&amp;index=cw12&amp;raw,vldl-levels.pdf,f73b7cae-e312-59f7-9381-dd0d303e7414
von willebrand disease,health,http://web.archive.org/web/20120404031003/http://www.vahealth.org:80/bleedingdisorders/vonWillebrandDisease.htm,https://www.chatnoir.eu/cache?uuid=c7bf4b66-f658-5baf-903d-5da56b0b93b9&amp;index=cw12&amp;raw,von-willebrand-disease.pdf,c7bf4b66-f658-5baf-903d-5da56b0b93b9
weapon exports,politics,http://web.archive.org/web/20130210133315/http://www.converge.org.nz/pma/rob00188.htm,https://www.chatnoir.eu/cache?uuid=f6714393-c8a3-5631-8241-3eeca4bfb305&amp;index=cw12&amp;raw,weapon-exports.pdf,f6714393-c8a3-5631-8241-3eeca4bfb305
wedding budget calculator,personal,http://web.archive.org/web/20120404191634/http://www.mlc.com.au:80/WeddingBudgetCalculator/,https://www.chatnoir.eu/cache?uuid=31034ae8-6a95-54f1-a8c3-46c30cd859e9&amp;index=cw12&amp;raw,wedding-budget-calculator.pdf,31034ae8-6a95-54f1-a8c3-46c30cd859e9
welfare fraud,crime,http://web.archive.org/web/20120916033552/http://www.totalcriminaldefense.com:80/crimes-a-z/white-collar/welfare-fraud.aspx,https://www.chatnoir.eu/cache?uuid=5947260e-2a5e-5156-973b-f5c24f319cb6&amp;index=cw12&amp;raw,welfare-fraud.pdf,5947260e-2a5e-5156-973b-f5c24f319cb6
what is a wiki,knowledge,http://web.archive.org/web/20100325104413/http://eclectictech.net:80/wiki/Info/WhatIsAWiki,https://www.chatnoir.eu/cache?uuid=4189c4fc-ddcf-50bd-9603-d27ce2ca5dd7&amp;index=cw12&amp;raw,what-is-a-wiki.pdf,4189c4fc-ddcf-50bd-9603-d27ce2ca5dd7
what is deep vein thrombosis,health,http://web.archive.org/web/20120420143820/http://veinforum.org/patients/what-is-vein-disease/deep-vein-thrombosis.aspx,https://www.chatnoir.eu/cache?uuid=bad623cb-e282-50e9-a10b-219ea6a2c290&amp;index=cw12&amp;raw,what-is-deep-vein-thrombosis.pdf,bad623cb-e282-50e9-a10b-219ea6a2c290
What is gentrification?,knowledge,http://web.archive.org/web/20121102144912/http://www.progress.org/archive/fold149.htm,https://www.chatnoir.eu/cache?uuid=be88780f-bd2d-5690-a09d-bd9a7af20472&amp;index=cw12&amp;raw,what-is-gentrification.pdf,be88780f-bd2d-5690-a09d-bd9a7af20472
what is rubella disease,health,http://web.archive.org/web/20120723023704/http://www.cdph.ca.gov:80/HealthInfo/discond/Pages/Rubella.aspx,https://www.chatnoir.eu/cache?uuid=18d95fd2-fb24-59ca-b52b-69743c1da950&amp;index=cw12&amp;raw,what-is-rubella-disease.pdf,18d95fd2-fb24-59ca-b52b-69743c1da950
wikileaks,knowledge,http://web.archive.org/web/20120311011105/http://www.metamute.org:80/en/articles/wikileaks_beyond_wikileaks,https://www.chatnoir.eu/cache?uuid=30725123-667e-5d4c-9007-db15b700346f&amp;index=cw12&amp;raw,wikileaks.pdf,30725123-667e-5d4c-9007-db15b700346f
work from home free money,personal,http://web.archive.org/web/20120430032648/http://www.protect-your-eyesight.com:80/work-from-home.html,https://www.chatnoir.eu/cache?uuid=4819fc9c-e9da-5179-a482-52114aab8c74&amp;index=cw12&amp;raw,work-from-home-free-money.pdf,4819fc9c-e9da-5179-a482-52114aab8c74
terrorism,crime,http://web.archive.org/web/20120207122912/http://www.satp.org:80/satporgtp/terrorism.asp,https://www.chatnoir.eu/cache?uuid=66219b0a-d96e-5c3c-9dca-5b8342f356c3&amp;index=cw12&amp;raw,terrorism.pdf,66219b0a-d96e-5c3c-9dca-5b8342f356c3
suicide,health,http://web.archive.org/web/20120307101939/http://lifegard.tripod.com:80/index.html,https://www.chatnoir.eu/cache?uuid=f0e44cae-deb6-5813-aa9a-e27dd88b15dd&amp;index=cw12&amp;raw,suicide.pdf,f0e44cae-deb6-5813-aa9a-e27dd88b15dd
protection from job dismissal,law,http://web.archive.org/web/20120413095715/http://www.atl.org.uk:80/help-and-advice/other-issues/dismissal.asp,https://www.chatnoir.eu/cache?uuid=e6fcabcd-a3d9-5be2-a928-71782bde0106&amp;index=cw12&amp;raw,protection-from-job-dismissal.pdf,e6fcabcd-a3d9-5be2-a928-71782bde0106
legal smoke,law,http://web.archive.org/web/20101208194155/http://dotcrawler.com/legal-smokes.html,https://www.chatnoir.eu/cache?uuid=d0522d3e-fe10-57e6-8e4d-02087e1642bd&amp;index=cw12&amp;raw,legal-smoke.pdf,d0522d3e-fe10-57e6-8e4d-02087e1642bd
how to file a grievance,personal,http://web.archive.org/web/20120216101302/http://personnel.ky.gov:80/diversity/eeo/grievance.htm,https://www.chatnoir.eu/cache?uuid=61c919f3-1afd-5104-864d-f15976a1637b&amp;index=cw12&amp;raw,how-to-file-a-grievance.pdf,61c919f3-1afd-5104-864d-f15976a1637b
guardianship laws,law,http://web.archive.org/web/20111217173555/http://www.divorcelawyersofatlanta.com:80/guardianships/,https://www.chatnoir.eu/cache?uuid=1793077e-26ab-5b78-b34d-48ec1ce648b7&amp;index=cw12&amp;raw,guardianship-laws.pdf,1793077e-26ab-5b78-b34d-48ec1ce648b7
employee rights,law,http://web.archive.org/web/20120408195719/http://business.ca.gov:80/StartaBusiness/AdministeringEmployees/EqualEmploymentOpportunityLaws/EmployeeRights.aspx,https://www.chatnoir.eu/cache?uuid=69861150-258e-57e2-8e6f-93252d53c6b0&amp;index=cw12&amp;raw,employee-rights.pdf,69861150-258e-57e2-8e6f-93252d53c6b0
divorce law,law,http://web.archive.org/web/20120412004321/http://www.divorcesource.com:80/ds/main/state-divorce-laws-656.shtml,https://www.chatnoir.eu/cache?uuid=f0b20e58-3b75-5948-91a2-fe61fa97fc78&amp;index=cw12&amp;raw,divorce-law.pdf,f0b20e58-3b75-5948-91a2-fe61fa97fc78
defamation of character,law,http://web.archive.org/web/20120324045508/http://www.contactlaw.co.uk/defamation-of-character.html,https://www.chatnoir.eu/cache?uuid=14c7a217-a2ae-5936-ba83-16351eab0108&amp;index=cw12&amp;raw,defamation-of-character.pdf,14c7a217-a2ae-5936-ba83-16351eab0108
criminal lawyer,law,http://web.archive.org/web/20120424182405/http://www.bestcriminaldefence.com:80/,https://www.chatnoir.eu/cache?uuid=da126869-e26f-576d-9938-05d9e56b6bc7&amp;index=cw12&amp;raw,criminal-lawyer.pdf,da126869-e26f-576d-9938-05d9e56b6bc7
consumers rights,law,http://web.archive.org/web/20120314112042/http://www.neff-law-firm.com/Bankruptcy/Consumers-Rights-Bankruptcy.shtml,https://www.chatnoir.eu/cache?uuid=3263e45c-1c74-5ff3-abb2-4b7d394d55ef&amp;index=cw12&amp;raw,consumers-rights.pdf,3263e45c-1c74-5ff3-abb2-4b7d394d55ef
civil attorney,law,http://web.archive.org/web/20111017153309/http://www.aaronhall.com/minnesota-civil-litigation-attorney/,https://www.chatnoir.eu/cache?uuid=cfbdfae0-6a10-5b70-86c2-680b1182c50f&amp;index=cw12&amp;raw,civil-attorney.pdf,cfbdfae0-6a10-5b70-86c2-680b1182c50f
building violation,law,http://web.archive.org/web/20120409084118/http://www.co.henrico.va.us:80/bldg/report-a-bulding-violation.html,https://www.chatnoir.eu/cache?uuid=d5832fae-a5c1-5970-9909-58dbc719749a&amp;index=cw12&amp;raw,building-violation.pdf,d5832fae-a5c1-5970-9909-58dbc719749a
online casino,personal,http://web.archive.org/web/20120228020602/http://www.play-casino.us:80/tag/online-casino/,https://www.chatnoir.eu/cache?uuid=fb3c5ea4-2089-54af-861b-eb4b9b390f46&amp;index=cw12&amp;raw,online-casino.pdf,fb3c5ea4-2089-54af-861b-eb4b9b390f46
how to get a loan,personal,http://web.archive.org/web/20120517171318/http://loanresources.net/how-to-get-a-loan/,https://www.chatnoir.eu/cache?uuid=da4320dd-2c8f-5598-85cf-1a4f9f302b20&amp;index=cw12&amp;raw,how-to-get-a-loan.pdf,da4320dd-2c8f-5598-85cf-1a4f9f302b20
plastic surgery,personal,http://web.archive.org/web/20111214044745/http://www.plasticsurgerydallas.com:80/plastic-surgery-richardson.php,https://www.chatnoir.eu/cache?uuid=148ddb99-92c8-58ae-98b8-c463b112dd28&amp;index=cw12&amp;raw,plastic-surgery.pdf,148ddb99-92c8-58ae-98b8-c463b112dd28
rehabilitation center,health,http://web.archive.org/web/20120411005642/http://www.lifebridgehealth.org/SinaiRehabilitationCenter/SinaiHospitalRehabilitationCenter.aspx,https://www.chatnoir.eu/cache?uuid=90000d0f-0940-5dd7-bc6d-4418d3628079&amp;index=cw12&amp;raw,rehabilitation-center.pdf,90000d0f-0940-5dd7-bc6d-4418d3628079
buy car plates,personal,http://web.archive.org/web/20120303221337/http://www.regtransfers.co.uk/main/private_car_number_plates.asp,https://www.chatnoir.eu/cache?uuid=ccca3869-c111-5ab6-8704-562d3e1aa8d3&amp;index=cw12&amp;raw,buy-car-plates.pdf,ccca3869-c111-5ab6-8704-562d3e1aa8d3
genetic engineering,knowledge,http://web.archive.org/web/20120329161225/http://www.globalchange.com:80/geneticengin.htm,https://www.chatnoir.eu/cache?uuid=b876bcd2-7a17-5c27-830b-521bc70ddc5e&amp;index=cw12&amp;raw,genetic-engineering.pdf,b876bcd2-7a17-5c27-830b-521bc70ddc5e
Rohypnol,crime,http://web.archive.org/web/20120822233359/http://www.linkinghumansystems.com:80/drugs/rohypnol.html,https://www.chatnoir.eu/cache?uuid=b17c8ef6-cd8e-53d5-a1ab-225c5cbd3d00&amp;index=cw12&amp;raw,rohypnol.pdf,b17c8ef6-cd8e-53d5-a1ab-225c5cbd3d00
forged passports,crime,http://web.archive.org/web/20120305145746/http://www.capitalfm.co.ke:80/news/2012/02/couple-in-forged-passports-case-deported/,https://www.chatnoir.eu/cache?uuid=0555da5c-5dbe-5fb6-a6bd-fb93b891f530&amp;index=cw12&amp;raw,forged-passports.pdf,0555da5c-5dbe-5fb6-a6bd-fb93b891f530
sniper rifles,crime,http://web.archive.org/web/20120304181127/http://www.wolverineqtg.com:80/rifles/sniper-rifles,https://www.chatnoir.eu/cache?uuid=c487e64d-728f-5e4e-8755-10e3724f5c44&amp;index=cw12&amp;raw,sniper-rifles.pdf,c487e64d-728f-5e4e-8755-10e3724f5c44
countries that don't have extradition with the United States,crime,http://web.archive.org/web/20130318073656/http://www.zyra.eu/usa-extradition-problem.htm,https://www.chatnoir.eu/cache?uuid=fe429f83-9b04-5b6c-b9ea-d079bb336127&amp;index=cw12&amp;raw,countries-that-dont-have-extradition-with-the-united-states.pdf,fe429f83-9b04-5b6c-b9ea-d079bb336127
i want to be a nun,personal,http://web.archive.org/web/20111225105255/http://anunslife.org:80/2008/09/17/catholic-nun-question/,https://www.chatnoir.eu/cache?uuid=3f9ca807-6a6d-5fe6-aeac-7b81cd380072&amp;index=cw12&amp;raw,i-want-to-be-a-nun.pdf,3f9ca807-6a6d-5fe6-aeac-7b81cd380072
stroke meeting,knowledge,http://web.archive.org/web/20120421233047/http://www.researchraven.com:80/conferences/category/stroke.aspx,https://www.chatnoir.eu/cache?uuid=ad044c60-25b8-5824-a573-c9c9761eec9c&amp;index=cw12&amp;raw,stroke-meeting.pdf,ad044c60-25b8-5824-a573-c9c9761eec9c
sales psychology,knowledge,http://web.archive.org/web/20120509171142/http://salesandmanagementblog.com/tag/sales-psychology/,https://www.chatnoir.eu/cache?uuid=c0ea60c6-4ca4-52b7-a7d1-a91f4a037da2&amp;index=cw12&amp;raw,sales-psychology.pdf,c0ea60c6-4ca4-52b7-a7d1-a91f4a037da2
how do i find a sex offender,crime,http://web.archive.org/web/20120514081731/http://www.sexoffenders.ws:80/index.html,https://www.chatnoir.eu/cache?uuid=d7b77076-7599-53c0-81c7-6297cb41c9e8&amp;index=cw12&amp;raw,how-do-i-find-a-sex-offender.pdf,d7b77076-7599-53c0-81c7-6297cb41c9e8
optometric surgery,health,http://web.archive.org/web/20120318183434/http://www.aoa.org:80/x9954.xml,https://www.chatnoir.eu/cache?uuid=63713077-4b91-5813-a91e-a9c159c3660b&amp;index=cw12&amp;raw,optometric-surgery.pdf,63713077-4b91-5813-a91e-a9c159c3660b
bankruptcy,personal,http://web.archive.org/web/20120513031426/http://bankruptcy.uslegal.com/,https://www.chatnoir.eu/cache?uuid=45066c5c-cec3-5fbc-8455-209a741a54d1&amp;index=cw12&amp;raw,bankruptcy.pdf,45066c5c-cec3-5fbc-8455-209a741a54d1
ruined felt fabric,knowledge,http://web.archive.org/web/20120413090420/http://www.swicofil.com:80/felting.html,https://www.chatnoir.eu/cache?uuid=314c8606-9bd0-5db0-8f86-335e362e2ae2&amp;index=cw12&amp;raw,ruined-felt-fabric.pdf,314c8606-9bd0-5db0-8f86-335e362e2ae2
kidney dialysis,health,http://web.archive.org/web/20120302143326/http://www.puristat.com:80/kidney/kidneydialysis.aspx,https://www.chatnoir.eu/cache?uuid=ab279565-57a4-5b42-b97a-65ab3f24cdc7&amp;index=cw12&amp;raw,kidney-dialysis.pdf,ab279565-57a4-5b42-b97a-65ab3f24cdc7
revolution,politics,http://web.archive.org/web/20120501133633/http://www.lotsofessays.com:80/viewpaper/1686229.html,https://www.chatnoir.eu/cache?uuid=9cf8a2dd-a1ba-59e0-bef1-e4930eee32c3&amp;index=cw12&amp;raw,revolution.pdf,9cf8a2dd-a1ba-59e0-bef1-e4930eee32c3
brain dead test,knowledge,http://web.archive.org/web/20120218172711/http://www.ncbcenter.org/Page.aspx?pid=277,https://www.chatnoir.eu/cache?uuid=d4b2b0cd-c946-5f0e-867f-0b5114b98683&amp;index=cw12&amp;raw,brain-dead-test.pdf,d4b2b0cd-c946-5f0e-867f-0b5114b98683
satanism,personal,http://web.archive.org/web/20120120054754/http://www.religioustolerance.org/satanis2.htm,https://www.chatnoir.eu/cache?uuid=c33c1869-fa5e-58d7-81f7-361763a2246d&amp;index=cw12&amp;raw,satanism.pdf,c33c1869-fa5e-58d7-81f7-361763a2246d
chiropractor,health,http://web.archive.org/web/20120426141705/http://newstudentcenter.ja.org:80/Careers/Research/Health/Pages/Chiropractors.aspx,https://www.chatnoir.eu/cache?uuid=f91e5a73-9d1b-53b4-aa17-3c9406d04ba3&amp;index=cw12&amp;raw,chiropractor.pdf,f91e5a73-9d1b-53b4-aa17-3c9406d04ba3
apocryphal books,knowledge,http://web.archive.org/web/20080724181932/http://www.bibletopics.com/biblestudy/23.htm,https://www.chatnoir.eu/cache?uuid=3860fade-5031-5f84-9790-5c2b77aa060b&amp;index=cw12&amp;raw,apocryphal-books.pdf,3860fade-5031-5f84-9790-5c2b77aa060b
parasites,health,http://web.archive.org/web/20120426135511/http://www.nihadc.com:80/health-conditions/parasites.html,https://www.chatnoir.eu/cache?uuid=b6b0f31e-1704-5bed-9a9e-a3b5e8e20e4f&amp;index=cw12&amp;raw,parasites.pdf,b6b0f31e-1704-5bed-9a9e-a3b5e8e20e4f
facial burns,health,http://web.archive.org/web/20120412143456/http://www.hanger.com:80/orthotics/services/Pages/BurnTreatment.aspx,https://www.chatnoir.eu/cache?uuid=495ff167-29a8-5a7c-a0a1-947ecbec5fe1&amp;index=cw12&amp;raw,facial-burns.pdf,495ff167-29a8-5a7c-a0a1-947ecbec5fe1
tourettes syndrome,health,http://web.archive.org/web/20120330201539/http://kidshealth.org/kid/health_problems/brain/k_tourette.html,https://www.chatnoir.eu/cache?uuid=bcf1310f-1d0c-5c3d-a90b-009d522470ad&amp;index=cw12&amp;raw,tourettes-syndrome.pdf,bcf1310f-1d0c-5c3d-a90b-009d522470ad
anti gay,personal,http://web.archive.org/web/20120213224259/http://www.thetaskforce.org/issues/anti_gay_industry,https://www.chatnoir.eu/cache?uuid=c4909061-c389-5aeb-8d01-e14f3c027213&amp;index=cw12&amp;raw,anti-gay.pdf,c4909061-c389-5aeb-8d01-e14f3c027213
abortion statistics,knowledge,http://web.archive.org/web/20130726145440/http://abortsa.com/?page_id=399,https://www.chatnoir.eu/cache?uuid=dd5b50c5-2d9a-577d-9d38-d6a776cf8107&amp;index=cw12&amp;raw,abortion-statistics.pdf,dd5b50c5-2d9a-577d-9d38-d6a776cf8107
research on adhd,knowledge,http://web.archive.org/web/20111222064633/http://newideas.net:80/adhd-news/press-release-research-genetics-adhd,https://www.chatnoir.eu/cache?uuid=537478cf-4afa-5384-827d-6b8bd91f89d9&amp;index=cw12&amp;raw,research-on-adhd.pdf,537478cf-4afa-5384-827d-6b8bd91f89d9
weight loss program,personal,http://web.archive.org/web/20121102165440/http://www.healthtuber.com:80/Weight-Loss/weight-loss-programs-diet-programs.html,https://www.chatnoir.eu/cache?uuid=0fd26364-c2dc-5f03-98cc-e9af5f67db60&amp;index=cw12&amp;raw,weight-loss-program.pdf,0fd26364-c2dc-5f03-98cc-e9af5f67db60
gang territories,crime,http://web.archive.org/web/20120310112239/http://www.chicagomag.com:80/Chicago-Magazine/The-312/December-2011/Chicago-Gang-Territory-vs-2011-Chicago-Homicides/,https://www.chatnoir.eu/cache?uuid=59e149ce-5c1d-5797-bf57-0dfb1b97c6a5&amp;index=cw12&amp;raw,gang-territories.pdf,59e149ce-5c1d-5797-bf57-0dfb1b97c6a5
internet fraud,crime,http://web.archive.org/web/20111021005058/http://ftp.sec.gov/answers/internet.htm,https://www.chatnoir.eu/cache?uuid=bced9a74-dc11-54a4-ab94-cfdea2ab5523&amp;index=cw12&amp;raw,internet-fraud.pdf,bced9a74-dc11-54a4-ab94-cfdea2ab5523
what is huntington's disease,knowledge,http://web.archive.org/web/20120228143105/http://www.ahdansw.asn.au/information/faq_what.html,https://www.chatnoir.eu/cache?uuid=37c98ab5-81ec-5583-828e-7df05c723ea7&amp;index=cw12&amp;raw,what-is-huntingtons-disease.pdf,37c98ab5-81ec-5583-828e-7df05c723ea7
urine test,health,http://web.archive.org/web/20120225185914/http://kidshealth.org:80/parent/system/medical/labtest7.html,https://www.chatnoir.eu/cache?uuid=22a7a9a2-12d8-597a-a536-0c93377b932e&amp;index=cw12&amp;raw,urine-test.pdf,22a7a9a2-12d8-597a-a536-0c93377b932e
handguns holster,crime,http://web.archive.org/web/20120111035735/http://www.handgunsmag.com:80/tag/handgun-holster/,https://www.chatnoir.eu/cache?uuid=a887636b-eaf4-5018-8cda-ce25473036dc&amp;index=cw12&amp;raw,handguns-holster.pdf,a887636b-eaf4-5018-8cda-ce25473036dc
vietnam war,knowledge,http://web.archive.org/web/20120222135532/http://www.thefinertimes.com/Vietnam-War/summery-of-vietnam-war.html,https://www.chatnoir.eu/cache?uuid=232e18b2-fb2a-559f-8ff8-2e95337f09cb&amp;index=cw12&amp;raw,vietnam-war.pdf,232e18b2-fb2a-559f-8ff8-2e95337f09cb
auto locator,personal,http://web.archive.org/web/20120312012036/http://www.cuofga.org/services/in-branch-services/auto-locators/,https://www.chatnoir.eu/cache?uuid=59c0c182-bbdf-5c7a-ae31-07c316b0daa2&amp;index=cw12&amp;raw,auto-locator.pdf,59c0c182-bbdf-5c7a-ae31-07c316b0daa2
college saving plans,personal,http://web.archive.org/web/20120506003400/http://www.excite.com:80/education/financial-aid/college-savings-plan,https://www.chatnoir.eu/cache?uuid=507cd268-403e-5528-bcf4-6cacc29992cf&amp;index=cw12&amp;raw,college-saving-plans.pdf,507cd268-403e-5528-bcf4-6cacc29992cf
food to avoid when pregnant,health,http://web.archive.org/web/20120317124843/http://www.huggies.com.au:80/pregnancy/recipes/to-avoid,https://www.chatnoir.eu/cache?uuid=fd016078-6fe6-5e9d-a9ef-61726e9990d0&amp;index=cw12&amp;raw,food-to-avoid-when-pregnant.pdf,fd016078-6fe6-5e9d-a9ef-61726e9990d0
baby shower ideas,personal,http://web.archive.org/web/20120126004054/http://www.womensforum.com/baby-showers-ideas.html,https://www.chatnoir.eu/cache?uuid=4ab5e8ae-564c-5cdc-879c-1e0762349109&amp;index=cw12&amp;raw,baby-shower-ideas.pdf,4ab5e8ae-564c-5cdc-879c-1e0762349109
cause sensitivity to light,health,http://web.archive.org/web/20120205012029/http://www.allaboutvision.com/conditions/lightsensitive.htm,https://www.chatnoir.eu/cache?uuid=86e17281-3253-550f-bb9f-fbc02c170fbf&amp;index=cw12&amp;raw,cause-sensitivity-to-light.pdf,86e17281-3253-550f-bb9f-fbc02c170fbf
hypertonicity,health,http://web.archive.org/web/20120406214831/http://www.neurosoma.com:80/griner_Hypertonicity.html,https://www.chatnoir.eu/cache?uuid=a8b69670-1a07-592a-aa49-cf8a49a9e91f&amp;index=cw12&amp;raw,hypertonicity.pdf,a8b69670-1a07-592a-aa49-cf8a49a9e91f
security,personal,http://web.archive.org/web/20120301073343/http://www.creativesecurity.com/,https://www.chatnoir.eu/cache?uuid=707ed298-89f4-5081-bad3-d5240cd96f7c&amp;index=cw12&amp;raw,security.pdf,707ed298-89f4-5081-bad3-d5240cd96f7c
loan calculator,personal,http://web.archive.org/web/20130111082836/http://www.gsmr.org:80/calc_loanrepayment.asp,https://www.chatnoir.eu/cache?uuid=cf507549-f405-504e-a137-4da47ceb2b07&amp;index=cw12&amp;raw,loan-calculator.pdf,cf507549-f405-504e-a137-4da47ceb2b07
bikini murder,crime,http://web.archive.org/web/20110921011451/http://asianwindow.wordpress.com:80/2008/11/16/murder-he-wrote/,https://www.chatnoir.eu/cache?uuid=a4ce4c57-7e4c-5432-a903-0e9ed3d6e027&amp;index=cw12&amp;raw,bikini-murder.pdf,a4ce4c57-7e4c-5432-a903-0e9ed3d6e027
radium metal,knowledge,http://web.archive.org/web/20120607134443/http://www.chemistryexplained.com/Pr-Ro/Radium.html,https://www.chatnoir.eu/cache?uuid=60cc94be-97de-5634-a2a7-edc0922770b1&amp;index=cw12&amp;raw,radium-metal.pdf,60cc94be-97de-5634-a2a7-edc0922770b1
auschwitz,knowledge,http://web.archive.org/web/20120421103400/http://ww2history.com:80/auschwitz,https://www.chatnoir.eu/cache?uuid=1e773584-acea-5c62-b14e-fbe012bd43ee&amp;index=cw12&amp;raw,auschwitz.pdf,1e773584-acea-5c62-b14e-fbe012bd43ee
world war ii death tolls,knowledge,http://web.archive.org/web/20120322034956/http://www.holocaust-history.org:80/~rjg/deaths.shtml,https://www.chatnoir.eu/cache?uuid=99c82de6-4bdf-5858-9649-64efe4c57d13&amp;index=cw12&amp;raw,world-war-ii-death-tolls.pdf,99c82de6-4bdf-5858-9649-64efe4c57d13
kidney stones and high white blood count,health,http://web.archive.org/web/20120415144942/http://health.nytimes.com:80/health/guides/disease/kidney-stones/diagnosis.html,https://www.chatnoir.eu/cache?uuid=93eecce8-c635-5fce-b6ca-fe0fedce466e&amp;index=cw12&amp;raw,kidney-stones-and-high-white-blood-count.pdf,93eecce8-c635-5fce-b6ca-fe0fedce466e
bladder polyps,health,http://web.archive.org/web/20120101190939/http://www.fcclub.com:80/blogs/allgallbladdersymptoms2/,https://www.chatnoir.eu/cache?uuid=95c8e531-71a9-567c-98d3-b3cb2f9fb28b&amp;index=cw12&amp;raw,bladder-polyps.pdf,95c8e531-71a9-567c-98d3-b3cb2f9fb28b
diabetes diet,health,http://web.archive.org/web/20120614124110/http://www.coheso.com:80/diabetes-d.html,https://www.chatnoir.eu/cache?uuid=3cd2a260-d7d0-5645-807a-0266020673f5&amp;index=cw12&amp;raw,diabetes-diet.pdf,3cd2a260-d7d0-5645-807a-0266020673f5
heart fluttering,health,http://web.archive.org/web/20120509070635/http://www.doctorslounge.com/cardiology/forums/backup/topic-17981.html,https://www.chatnoir.eu/cache?uuid=da068e27-1d64-583d-a33b-93c6c94720ab&amp;index=cw12&amp;raw,heart-fluttering.pdf,da068e27-1d64-583d-a33b-93c6c94720ab
stress test,health,http://web.archive.org/web/20120414185106/http://www.emirateshospital.ae:80/medical-tests/stress-test.html,https://www.chatnoir.eu/cache?uuid=0220b2a0-3b6b-57f0-a83e-e07e58ee2550&amp;index=cw12&amp;raw,stress-test.pdf,0220b2a0-3b6b-57f0-a83e-e07e58ee2550
knee pain,health,http://web.archive.org/web/20120118184844/http://www.aimsclinic.com:80/knee-joint-pain.php,https://www.chatnoir.eu/cache?uuid=ebf864bf-9482-5eff-84c3-660c5ac765f5&amp;index=cw12&amp;raw,knee-pain.pdf,ebf864bf-9482-5eff-84c3-660c5ac765f5
criminal reports,crime,http://web.archive.org/web/20110717083723/http://www.peoplerecords.com:80/criminal-records/criminal-background-reports/,https://www.chatnoir.eu/cache?uuid=48e92306-db9f-5227-8e35-aed62d204d4f&amp;index=cw12&amp;raw,criminal-reports.pdf,48e92306-db9f-5227-8e35-aed62d204d4f
signs of abuse,crime,http://web.archive.org/web/20130730174834/http://www.caps.utoronto.ca/Services-Offered/Assault-Counselling/warning-signs-of-abuse.htm,https://www.chatnoir.eu/cache?uuid=c3584b5c-fdb3-573a-a01a-063f09753deb&amp;index=cw12&amp;raw,signs-of-abuse.pdf,c3584b5c-fdb3-573a-a01a-063f09753deb
weight watcher,personal,http://web.archive.org/web/20120402082839/http://www.weightloss-diettips.com:80/weight-watchers.html,https://www.chatnoir.eu/cache?uuid=526ff262-fdb7-51d0-9aa9-a7c580f85dae&amp;index=cw12&amp;raw,weight-watcher.pdf,526ff262-fdb7-51d0-9aa9-a7c580f85dae
side effects of metformin,health,http://web.archive.org/web/20120221015616/http://diabetes.emedtv.com:80/metformin/metformin-hcl-side-effects.html,https://www.chatnoir.eu/cache?uuid=a4293444-2906-5d0b-8b1c-7ba825694a34&amp;index=cw12&amp;raw,side-effects-of-metformin.pdf,a4293444-2906-5d0b-8b1c-7ba825694a34
life insurance,personal,http://web.archive.org/web/20120309101942/http://www.lifeinsurance.org.za:80/145/life-insurance-company/,https://www.chatnoir.eu/cache?uuid=58b3255b-27c1-5d31-a259-2aba35f3cf89&amp;index=cw12&amp;raw,life-insurance.pdf,58b3255b-27c1-5d31-a259-2aba35f3cf89
non allergenic dogs,personal,http://web.archive.org/web/20120508015320/http://www.acaai.org/allergist/Resources/ask-allergist/Pages/Ask_the_Allergist_Hypo-Allergenic_Non-Allergenic_Dogs_Cats.aspx,https://www.chatnoir.eu/cache?uuid=9e81c0b1-2bb4-5b75-95c6-d908e3a9d47d&amp;index=cw12&amp;raw,non-allergenic-dogs.pdf,9e81c0b1-2bb4-5b75-95c6-d908e3a9d47d
veterans benefits,politics,http://web.archive.org/web/20120330183453/http://www.howardcc.edu:80/admissions/pay/veteran_benefits/index.html,https://www.chatnoir.eu/cache?uuid=ae527337-f8b5-5ce1-aaee-5fdef9e5b093&amp;index=cw12&amp;raw,veterans-benefits.pdf,ae527337-f8b5-5ce1-aaee-5fdef9e5b093
rape crisis center,crime,http://web.archive.org/web/20121108113746/http://www.1202.org.il/English/template/default.asp?siteId=5,https://www.chatnoir.eu/cache?uuid=9fa63e31-58c8-52c3-9ef1-679b068acf89&amp;index=cw12&amp;raw,rape-crisis-center.pdf,9fa63e31-58c8-52c3-9ef1-679b068acf89
crime pays,crime,http://web.archive.org/web/20061019190359/http://louisiana.construction.com/features/archive/0501_feature4.asp,https://www.chatnoir.eu/cache?uuid=be62a816-85cd-518e-9649-019d4115bff2&amp;index=cw12&amp;raw,crime-pays.pdf,be62a816-85cd-518e-9649-019d4115bff2
child care,personal,http://web.archive.org/web/20120617201543/http://www.oldcolonyymca.org:80/youthbrockton/child_care/,https://www.chatnoir.eu/cache?uuid=08ea5d82-bb85-52b8-9a6c-ef2d16792e98&amp;index=cw12&amp;raw,child-care.pdf,08ea5d82-bb85-52b8-9a6c-ef2d16792e98
horse racing,personal,http://web.archive.org/web/20120306054742/http://www.betroyal.com:80/horse-racing-betting/horse-racing,https://www.chatnoir.eu/cache?uuid=b2bb90a3-28bd-5ec8-a3b8-bf5824b696f4&amp;index=cw12&amp;raw,horse-racing.pdf,b2bb90a3-28bd-5ec8-a3b8-bf5824b696f4
how to win lotto,personal,http://web.archive.org/web/20111208100343/http://www.smartluck.com:80/free-lottery-tips/ger649.htm,https://www.chatnoir.eu/cache?uuid=8f671e1a-2b5b-56f4-a18b-210a58a11c76&amp;index=cw12&amp;raw,how-to-win-lotto.pdf,8f671e1a-2b5b-56f4-a18b-210a58a11c76
parental controls,personal,http://web.archive.org/web/20110823174532/http://www.improve-pc-tools.com:80/index.php/tag/parental-controls/,https://www.chatnoir.eu/cache?uuid=9c692135-aca9-5a48-ad3c-3f4ee60475ed&amp;index=cw12&amp;raw,parental-controls.pdf,9c692135-aca9-5a48-ad3c-3f4ee60475ed
lsd,crime,http://web.archive.org/web/20120824060411/http://www.linkinghumansystems.com:80/drugs/lsd.html,https://www.chatnoir.eu/cache?uuid=ee104375-e2c8-531b-ac81-00933df2655c&amp;index=cw12&amp;raw,lsd.pdf,ee104375-e2c8-531b-ac81-00933df2655c
sex offender registry,crime,http://web.archive.org/web/20110722140425/http://www.cohassetpolice.com/content/1/22/,https://www.chatnoir.eu/cache?uuid=41508ae7-fe3e-59d1-bf03-3585915cf0d3&amp;index=cw12&amp;raw,sex-offender-registry.pdf,41508ae7-fe3e-59d1-bf03-3585915cf0d3
sepsis,health,http://web.archive.org/web/20120311191408/http://www.sepsisalliance.org/sepsis/definition/,https://www.chatnoir.eu/cache?uuid=dcd7c55e-3bb9-56b2-a8d9-d00751d985d5&index=cw12&raw,sepsis.pdf,dcd7c55e-3bb9-56b2-a8d9-d00751d985d5
